date,content,covid_1,covid_2,covid_3,covid_final,other_1,other_2,other_3,other_final
2020-04-23 14:59:26,Protecting our world should be a priority for us all. One of the ways we can preserve its beauty is by using alternative energy. Alternative energy can help ensure that our children have a clean world to live in. https://t.co/kIAngkogMG,FALSE,FALSE,,0,FALSE,FALSE,,0
2020-04-22 23:37:02,"I‚Äôm honored to receive the @MomsDemand and @Everytown Gun Sense Candidate Distinction. As a combat vet, I know 1st hand what weapons of war can do. They have no place on American streets. Full stop. You want real gun safety reform? Help me get to Congress: https://t.co/wgpawHJDBV",FALSE,FALSE,,0,FALSE,FALSE,,0
2020-04-22 23:00:59,"This week's virtual Town Hall is focused on veterans! Join us right now through the link below. If you can‚Äôt join, we will be live tweeting, so stay tuned!
 
Register here:https://t.co/530gaaZ1NI https://t.co/gqIvcPDykW",FALSE,FALSE,,0,FALSE,FALSE,,0
2020-04-22 22:23:10,"Join us today as we collect donated N95 and DIY face masks to deliver to our #EssentialWorkers. 

Sign up here to get more information: https://t.co/OcjEwTunlC https://t.co/tz7WIWi8Pu",FALSE,FALSE,,0,FALSE,FALSE,,0
2020-04-22 21:06:00,"Our beautiful bees are in trouble with populations declining at an alarming rate. Bees are vital to the health of our planet. We need to invest in the preservation of these creatures. 

#EarthDay2020 https://t.co/bRrwrPq5yP",FALSE,FALSE,,0,FALSE,FALSE,,0
2020-04-22 20:27:49,"Thank you so much for your support, Gloria. Great to have another trailblazing woman on the team üí™üèª #TX24 #KimforCongress https://t.co/kl8uKh52nT",FALSE,FALSE,,0,FALSE,FALSE,,0
2020-04-22 20:06:34,The VA has accelerated their plans to buy a new hospital as virus cases surge. We need to make sure we aren't overwhelming our hospitals and adhere to expert recommendations. https://t.co/LEZ3uGNApL,FALSE,FALSE,,0,FALSE,FALSE,,0
2020-04-22 18:39:36,"During this time, online donations will make or break this campaign. There‚Äôs too much at stake to lose our momentum now. Can we count on you to pitch in whatever you can so that we can flip #TX24 and take this seat out from under the Republicans? 

DONATE: https://t.co/CBOXQOYkkQ https://t.co/NTOQLMavVf",FALSE,FALSE,,0,FALSE,FALSE,,0
2020-04-22 18:06:56,"As a combat vet, I know 1st hand the struggles we face &amp; how past trauma may be triggered by the uncertainty surrounding the #COVID19 isolation. Join our 5th town hall as we discuss how we can help our veterans during this difficult time. 

Register here: https://t.co/530gaaZ1NI https://t.co/sgFEw214kv",FALSE,FALSE,,0,FALSE,FALSE,,0
2020-04-22 16:47:07,"Today marks the 50th anniversary of #EarthDay. We should all take the time to admire the beauty that surrounds us, and remember that we all have to do our part to keep our world safe and clean. Here are some of my favorite flowers and plants. What are yours? 

Share below https://t.co/TfVhMA8UAZ",FALSE,FALSE,,0,FALSE,FALSE,,0
2020-04-22 15:05:02,"Earth is precious and deserves much more care than we give it. One of its natural beauties, the bluebonnet, is found right here in Texas. We have to protect our world so that our children can walk through fields like this one. 

#EarthDay2020 https://t.co/qYvlAhCiNe",FALSE,FALSE,,0,FALSE,FALSE,,0
2020-04-22 13:57:58,"‚ÄúThere is absolutely nothing on one side of the planet that isn‚Äôt connected in some way with the other side of the planet.‚Äù
      ‚Äî Nicole Marie Stott, American engineer, retired NASA astronaut, and veteran of the International Space Station.",FALSE,FALSE,,0,FALSE,FALSE,,0
2020-04-21 23:15:33,"Thank you to the wonderful panelists and guests who joined us tonight. For far too long, our youth's voices have been left out of the conversation. I was happy to learn about the issues that are affecting them during this crisis. We will work with them to address these issues. https://t.co/gJIHkA3Xsk",FALSE,FALSE,,0,FALSE,FALSE,,0
2020-04-21 21:39:05,"Our college students have been completely left behind in the recent stimulus package, we need to make sure that these young voters are included in our fight against #Covid19. 

Join us tonight at 5pm for our Virtual Student Forum: https://t.co/NOyD0Vn37b https://t.co/i7JINUew9Y",FALSE,FALSE,,0,FALSE,FALSE,,0
2020-04-21 20:07:46,"Lt. Gov. Dan Patrick seems to believe that the lives of Texas workers are worth nothing compared to the economy. Let me be clear, there will be no economy to save without the very lives he is willing to sacrifice. https://t.co/IgL9sxFJWW",TRUE,TRUE,,1,FALSE,FALSE,,0
2020-04-21 19:27:53,"We are excited to hear from this amazing panel today!

Joe Cascino-Political Director of Texas College Democrats
Sam Dennehy-President of the UT Arlington Democrats
Ade Osadolor-SDA Southlake Chapter President
Madison Jennings-Local Activist 

Join us:
https://t.co/NOyD0Vn37b https://t.co/16atzIVE8x",FALSE,FALSE,,0,FALSE,FALSE,,0
2020-04-21 18:28:46,Over 1.4 million Texas households receive funds from SNAP. Allowing these recipients to get their groceries delivered was the right move. This decision will save lives and slow the spread of #covid19. https://t.co/2PlKb8PKwH,FALSE,FALSE,,0,FALSE,FALSE,,0
2020-04-21 17:27:04,"As a part of the Kim for Congress Volunteer Week Initiative, we're excited to let you design our next campaign sticker or button! Submit your designs here and stay up to date on our social media to see if your design is featured!

Submit designs here:  

https://t.co/RAKnVC0ohG https://t.co/fpdcCqXage",FALSE,FALSE,,0,FALSE,FALSE,,0
2020-04-21 16:14:43,US Coronavirus Updates: FDA OKs 1st At-Home Testing Kit; 3 Months Since 1st US Case https://t.co/Ars25Iae7w,FALSE,FALSE,,0,FALSE,FALSE,,0
2020-04-21 15:08:51,"For #NationalVolunteerWeek2020, we are highlighting all of the student activists and volunteers who have worked tirelessly to flip  #TX24 blue! 

Join us today for our Virtual Student Forum and hear from our students!

Register Here: 

https://t.co/NOyD0Vn37b https://t.co/Qcz1FAgC1F",FALSE,FALSE,,0,FALSE,FALSE,,0
2020-04-21 14:01:04,"During my Ag race, I had the opportunity to travel all over Texas and meet the workers that keep our families fed. Cutting their wages should not be an option. We must protect our #farmworkers. They are essential to the security of our food supply. https://t.co/LnXV0w2Yt8",FALSE,FALSE,,0,FALSE,FALSE,,0
2020-04-21 0:06:21,"Today we honor American civil rights and women's rights activist Dorothy Irene Height for her leadership &amp; courage. Through her work, she made this nation more inclusive for all people. https://t.co/1oAk0OCHBu",FALSE,FALSE,,0,FALSE,FALSE,,0
2020-04-20 22:39:18,"We can‚Äôt do this alone. However, thanks to our wonderful volunteers, we don‚Äôt have to. Together we are strong enough to flip #TX24. 

Tell us what motivates you to volunteer. #MondayMotivation 

Join #TeamOlson today!  

https://t.co/vKnazcZmFa https://t.co/njaCr95G8Z",FALSE,FALSE,,0,FALSE,FALSE,,0
2020-04-20 20:45:01,"For #NationalVolunteerWeek2020 we would like to highlight all of the amazing student activists who are working hard to flip TX-24 blue.

Join us as we have a conversation with our students about changes they would like to see in #TX24!

Register Here: https://t.co/NOyD0Vn37b https://t.co/3fGu3rexMq",FALSE,FALSE,,0,FALSE,FALSE,,0
2020-04-20 19:44:52,"Despite the movement to reopen Texas, we are not in the clear yet. @TexasDSHS provided a list of prevention guides on its website. Stay vigilant and remember the safest thing you can do for yourself, your loved ones &amp; your fellow Texans is to #StayAtHome https://t.co/b8Gnn47LcL",FALSE,FALSE,,0,FALSE,FALSE,,0
2020-04-20 18:34:59,"Thank you to everyone who attended our phone bank. We were able to reach 300 voters! Join us again this Saturday to do wellness checks and sign people up to vote by mail.

Sign up here: https://t.co/fReJhYKQu2 https://t.co/rtfS2fAhjk",FALSE,FALSE,,0,FALSE,FALSE,,0
2020-04-20 17:19:03,I‚Äôm honored to receive the endorsement of the Metrocrest Democrats! Thank you for your support in this run-off and your vote of confidence that I‚Äôm the best candidate to win in November. Let‚Äôs get to work! #KimforCongress #TX24 https://t.co/tOtPa7bxxm,FALSE,FALSE,,0,FALSE,FALSE,,0
2020-04-20 16:37:22,"While this may be encouraging, we need more testing to get the actual number of infections within Texas. Only then will we know when it is appropriate to open the state. 
https://t.co/aV4Os3Hl0G",FALSE,FALSE,,0,FALSE,FALSE,,0
2020-04-20 15:32:38,"PPE equipment is scarce. We need to make sure the masks we have go to those who need it the most. Join us as we collect donated N95 and DIY face masks to deliver to these essential employees. 

Sign up here to get more information: https://t.co/OcjEwTunlC https://t.co/xcYoh24Lch",FALSE,FALSE,,0,FALSE,FALSE,,0
2020-04-20 14:04:56,"I‚Äôm grateful for all of the support my volunteers have given. They make this campaign come to life. I am continuously encouraged by these kind words:

#NationalVolunteerWeek2020 https://t.co/QRuClza3iR",FALSE,FALSE,,0,FALSE,FALSE,,0
2020-04-19 23:29:11,"Our volunteers have helped us meet the needs of our community during this pandemic. We are grateful to have them on our team. 

Together we will overcome #covid19 &amp; flip #TX24 blue.

Join #TeamOlson today: 

https://t.co/e2HKWmIGuh https://t.co/ozW8OJbrDQ",FALSE,FALSE,,0,FALSE,FALSE,,0
2020-04-19 21:43:35,"Thank you so much Indivisible #TX24 and Indivisible Grapevine Area for hosting a wonderful forum this afternoon. Happy to see so many smiling, engaged Democrats even in these tough times. Now more than ever, we need to stand together and stand strong for our Democracy. https://t.co/OegtckBcCL",FALSE,FALSE,,0,FALSE,FALSE,,0
2020-04-19 20:51:59,"In the spirit of #NationalVolunteerWeek, we will be highlighting all of the amazing volunteers, interns, and activist that have been instrumental in flipping #TX24 blue. 

Join us as we celebrate them &amp; use the hashtag  #WhyIVolunteer to tell us what motivates you to get involved https://t.co/vyaRIJzAqo",FALSE,FALSE,,0,FALSE,FALSE,,0
2020-04-19 19:48:13,"Many school cafeterias are now operating more like community soup kitchens, even though the federal school meals program won‚Äôt reimburse districts for meals served to struggling adults. We have to support these schools just as they are supporting us.  https://t.co/OExTwO6ZXv",FALSE,FALSE,,0,FALSE,FALSE,,0
2020-04-19 17:17:29,Pickers of cabbage in the Valley are critical to our food security. They help ensure our communities are fed through this crisis. We must protect them and all of our #farmworkers. https://t.co/IhaiAcRAwd,FALSE,FALSE,,0,FALSE,FALSE,,0
2020-04-19 16:15:07,"No one should have to worry about their utilities cutting off while we are all forced to #shelterinplace. As leaders, we have to ensure that no one gets left out or behind during this pandemic. https://t.co/FCS7KSKLc5 via @TexasTribune",FALSE,FALSE,,0,FALSE,FALSE,,0
2020-04-18 20:03:08,"All of us can help our health care workers by making sure they have the appropriate masks to wear. If you have a surgical or N95 mask, please join us in donating them to our #FrontLineHeroes. 

Donate Here: https://t.co/OcjEwTunlC https://t.co/blP7t7VBzf",FALSE,FALSE,,0,FALSE,FALSE,,0
2020-04-18 16:58:46,"With the state possibly opening back up, we need to make sure our #frontlineworkers have the safety equipment that they need. Join us as we collect donated N95 and DIY face masks to deliver to these essential employees. 

Donate Here: https://t.co/OcjEwTunlC https://t.co/Xv6AWiije8",FALSE,FALSE,,0,FALSE,FALSE,,0
2020-04-18 14:02:40,"In times like these, we have to work together as a community to ensure our loved ones safety. Join us today at 10am as we make wellness calls into #TX24 and help  people sign up to vote by mail. 

Register here: https://t.co/apItvB4uZ9 https://t.co/Jo3Wwe9d3S",FALSE,FALSE,,0,FALSE,FALSE,,0
2020-04-17 22:18:57,"Texas thrives because of its small businesses. Too many of those businesses are experiencing trouble getting the assistance they were promised. As leaders, we need to support our small businesses and ensure they get the protection they need in a fair and clear manner. https://t.co/Mg5AxSjvgv",FALSE,FALSE,,0,FALSE,FALSE,,0
2020-04-17 21:09:47,"Inmates are people, we should treat them as such. It is appalling that in our state it took a federal judge filing an order to give those in prison basic care. Especially in facilities that are overcrowded &amp; underfunded. 
https://t.co/dIwfDq3rc0",FALSE,FALSE,,0,FALSE,FALSE,,0
2020-04-17 20:08:27,"We should be doing all that we can to protect our  #frontlineworkers. Help us collect N95 and DIY face masks to deliver to these essential employees.

Sign up here to donate:

https://t.co/OcjEwTunlC https://t.co/0CqTvuUjJe",FALSE,FALSE,,0,FALSE,FALSE,,0
2020-04-17 19:09:11,"Tomorrow we will be checking in on the most vulnerable in our community. Join us as we do wellness checks, share needed resources, and sign people up to get an application for a mail-in ballot.

Register here: https://t.co/iJmY2o2qPr https://t.co/xwuFX16gO9",FALSE,FALSE,,0,FALSE,FALSE,,0
2020-04-17 18:07:22,This decision is premature. We do not have enough testing within the state to make an accurate decision about re-opening the economy. Lives are at risk. We need to do what is best for the health of Texans and that is #StayingAtHome. https://t.co/4YTjK5JU2C,FALSE,FALSE,,0,FALSE,FALSE,,0
2020-04-17 17:34:41,Thank you for your support. Young people continue to lead the way and inspire us all to do better for our country. Together we can flip #TX24. https://t.co/5jBffPxSvJ,FALSE,FALSE,,0,FALSE,FALSE,,0
2020-04-17 16:29:16,"Our leaders should be fighting to ensure that everyone is able to vote in a manner that is safest to them. Instead, this administration is spreading disinformation to discourage millions of voices from being heard. 
https://t.co/mN3AeuJaXh",FALSE,FALSE,,0,FALSE,FALSE,,0
2020-04-17 15:15:39,"The @WHO's mission is to ensure the health of the international community. In the midst of a pandemic, we should be working alongside organizations that put our health first. President Trump‚Äôs defunding of the WHO is shocking, irresponsible &amp; misrepresents the American people.",FALSE,FALSE,,0,FALSE,FALSE,,0
2020-04-17 13:59:42,"We will not have an economy to re-open if we do not have the population to supports it. The call to end social distancing and get back to work may be enticing, but is premature and puts the lives of Americans at risk. We need to continue to #stayhome and listen to experts.",FALSE,FALSE,,0,FALSE,FALSE,,0
2020-04-16 23:53:37,"Huge thanks to @Biggan4Congress-community leader, cognitive neuroscientist, and founding member of our #TX24 #COVID19 Advisory Committee for building this tremendous resource for #TX24 families: A map of all drive-thru testing sites in and near #TX24: https://t.co/PiNlXJltgw",FALSE,FALSE,,0,FALSE,FALSE,,0
2020-04-16 23:46:21,Thank you to the Denton County Alumnae Chapter of Delta Sigma Theta for hosting a great candidate forum this evening. Honored for the opportunity to be engaged with your very active and important group. Thanks for all you do! https://t.co/jvqFxCk0cj,FALSE,FALSE,,0,FALSE,FALSE,,0
2020-04-16 22:23:34,"Carbon emissions have plummeted as #COVID19 has taken over. This isn't a blue sky amid a pandemic, rather an issue necessary to address the wellbeing of our planet. Isolation is temporary--as we recover, permanent &amp; practical changes are necessary to combat #ClimateChange.",FALSE,FALSE,,0,FALSE,FALSE,,0
2020-04-16 20:49:33,Many of us have found new and creative ways to have fun while we all #StayAtHome. It is important for our mental health that we take the time to relax and decompress from the stress of #COVID19. Here is a video of me and my husband taking a mental break. https://t.co/XHEWcGCvE2,FALSE,FALSE,,0,FALSE,FALSE,,0
2020-04-16 19:25:43,"With over 600 cases of COVID-19 in our district, we need strong leadership focused on saving lives. We need a leader who's no stranger to performing under chaos.

I've always been a leader who steps up in a crisis ... and that‚Äôs what I'm doing right now. https://t.co/Oa2oui0OS3",FALSE,FALSE,,0,FALSE,FALSE,,0
2020-04-16 19:11:19,"Maintaining our community bond is crucial in times like these. Join #TeamOlson this Saturday as we continue to conduct wellness checks and provide community resources to #TX24 residents!

Sign up for a phone banking shift here:

https://t.co/AkLshy7HfD https://t.co/F974f7OQmQ",FALSE,FALSE,,0,FALSE,FALSE,,0
2020-04-16 18:20:06,"#Farmworkers are the unsung heroes of this pandemic. Like many of our #frontlineworkers, they should be protected. Instead, this administration wants to cut their wages in a time when income is uncertain. We must fight for our farm workers. https://t.co/mYoC05bGEn",FALSE,FALSE,,0,FALSE,FALSE,,0
2020-04-16 17:04:41,"With unemployment on the rise, now is the time to make sure our local food banks have enough volunteers to get food to families in need. 

You can signup to volunteer with the @TAFoodBank through the following link: 

https://t.co/5nIJSGjx1G https://t.co/xQnxjvVshV",FALSE,FALSE,,0,FALSE,FALSE,,0
2020-04-16 16:04:55,"How To Stay Healthy When Your Child, Spouse Or Roommate Has COVID-19 https://t.co/SzWM5Omo4D",FALSE,FALSE,,0,FALSE,FALSE,,0
2020-04-16 15:16:40,"If you or somebody you know is experiencing symptoms of #COVID19, but don't know what steps to take next, the CDC‚Äôs Symptoms &amp; Testing page offers reference guides and a self-checker tool. Take care of yourself and your family and remember to #StayHome 

https://t.co/LjTPYsFryv",FALSE,FALSE,,0,FALSE,FALSE,,0
2020-04-16 14:13:36,22 million Americans have filed for unemployment benefits in the last four weeks. State labor departments are understaffed and underfunded to tackle this problem. We need to take action so that Americans can start receiving the benefits that they need to survive. https://t.co/ZBx5cCv48O,FALSE,FALSE,,0,FALSE,FALSE,,0
2020-04-16 0:08:53,"You can report child abuse:

By Phone: 1-800-252-5400
Online: https://t.co/yRBTNFShKZ

Call the Abuse Hotline toll-free 24 hours a day, 7 days a week, nationwide, or report with the secure website and get a response within 24 hours.",FALSE,FALSE,,0,FALSE,FALSE,,0
2020-04-15 23:20:12,We‚Äôre kicking off our education/families focused virtual town hall! Link to join in the tweet below! #KimforCongress #TX24 https://t.co/bitgFNWdKj,FALSE,FALSE,,0,FALSE,FALSE,,0
2020-04-15 23:08:20,"Join us right now for our weekly Virtual Town Hall! If you can‚Äôt join, we will be live tweeting, so stay tuned!
 
Register here:  https://t.co/Yr6BPGy18h

#KimTownHall 
#TX24
#KimForCongress
#Covid19 https://t.co/g43Ms3qqlW",FALSE,FALSE,,0,FALSE,FALSE,,0
2020-04-15 22:13:59,"Mother of six, Christine homeschooled for 20 years and is a proud public school parent. She kept kids learning during a variety of crises. Now she's excited to share what she knows to help parents reduce their stress and keep their kids happy and learning. https://t.co/Yr6BPGy18h https://t.co/DAQlfhOwjW",FALSE,FALSE,,0,FALSE,FALSE,,0